year,numOfComments,hateSpeech,offensiveLanguage,neither,Hatespeech%,offensiveLanguage%,neither%
2005-12,970,0,26,944,0,2.680412371,97.31958763
2006-01,3195,1,128,3066,0.03129890454,4.006259781,95.96244131
2006-02,7758,12,314,7432,0.154679041,4.047434906,95.79788605
2006-03,11729,9,554,11166,0.0767328843,4.723335323,95.19993179
2006-04,16704,21,846,15837,0.1257183908,5.064655172,94.80962644
2006-05,23880,32,1339,22509,0.1340033501,5.60720268,94.25879397
2006-06,26050,35,1379,24636,0.1343570058,5.293666027,94.57197697
2006-07,33113,70,1666,31377,0.2113973364,5.031256606,94.75734606
2006-08,45277,80,2453,42744,0.1766901517,5.417761778,94.40554807
2006-09,46144,89,2652,43403,0.1928744799,5.747226075,94.05989945
2006-10,49505,77,2696,46732,0.1555398445,5.445914554,94.3985456
2006-11,57575,121,3474,53980,0.21016066,6.033868867,93.75597047
2006-12,56249,88,3287,52874,0.1564472257,5.843659443,93.99989333
2007-01,75374,92,2028,73254,0.1220580041,2.69058296,97.18735904
2007-02,88719,87,2132,86500,0.0980624218,2.403092911,97.49884467
2007-03,104574,121,1788,102665,0.1157075372,1.709794021,98.17449844
2007-04,118184,90,2202,115892,0.07615244026,1.863196372,98.06065119
2007-05,157924,123,2536,155265,0.07788556521,1.605835718,98.31627872
2007-06,166124,341,11936,153847,0.2052683538,7.184994342,92.6097373
2007-07,188243,380,14222,173641,0.2018667361,7.555128212,92.24300505
2007-08,210229,429,16233,193567,0.2040631882,7.721579801,92.07435701
2007-09,240593,562,19569,220462,0.2335895059,8.133653099,91.6327574
2007-10,255167,681,20447,234039,0.2668840406,8.013183523,91.71993244
2007-11,372983,748,24882,347353,0.2005453332,6.671081524,93.12837314
2007-12,363390,1027,28836,333527,0.2826164727,7.93527615,91.78210738
2008-01,344470,1276,36029,307165,0.3704241298,10.45925625,89.17031962
2008-02,336496,1293,38746,296457,0.3842541962,11.51454995,88.10119585
2008-03,348158,1346,41155,305657,0.3866060811,11.82078252,87.7926114
2008-04,351367,1276,40239,309852,0.3631530565,11.4521284,88.18471854
2008-05,406766,1592,48181,356993,0.3913798105,11.84489362,87.76372657
2008-06,432362,1475,51889,378998,0.3411493147,12.00128596,87.65756473
2008-07,432712,1485,52119,379108,0.3431843813,12.04473183,87.61208379
2008-08,443587,1565,54873,387149,0.3528056503,12.37029038,87.27690397
2008-09,510075,1532,63925,444618,0.300347988,12.53247072,87.1671813
2008-10,594172,2242,74241,517689,0.3773318164,12.49486681,87.12780138
2008-11,569733,2254,72084,495395,0.3956239151,12.65224237,86.95213372
2008-12,607103,2017,79957,525129,0.3322335749,13.17025282,86.4975136
2009-01,1051649,2711,93757,955181,0.25778563,8.915236928,90.82697744
2009-02,944711,2259,90040,852412,0.239120747,9.530957086,90.22992217
2009-03,1048643,2212,100117,946314,0.2109392806,9.547291118,90.2417696
2009-04,1094599,2675,104152,987772,0.2443817325,9.515082692,90.24053558
2009-05,1201257,2855,113243,1085159,0.2376677097,9.42704184,90.33529045
2009-06,1258750,2898,120034,1135818,0.2302284012,9.535968222,90.23380338
2009-07,1365067,4050,144730,1216287,0.296688734,10.60240999,89.10090127
2009-08,1750688,3997,177861,1568830,0.2283102415,10.15949158,89.61219818
2009-09,2032276,5327,205722,1821227,0.2621199089,10.12273923,89.61514086
2009-10,2242017,5896,242175,1993946,0.2629774886,10.80165761,88.9353649
2009-11,2207444,5663,235998,1965783,0.2565410493,10.69100734,89.05245161
2009-12,2560510,5980,271002,2283528,0.233547223,10.58390711,89.18254566
2010-01,2443459,6368,302447,2134644,0.260614154,12.37782177,87.36156408
2010-02,2272467,6501,291531,1974435,0.2860767615,12.82883316,86.88509008
2010-03,2746632,8072,347169,2391391,0.2938872044,12.63980759,87.06630521
2010-04,2724886,7887,352026,2364973,0.2894433015,12.91892578,86.79163092
2010-05,2779803,8361,370736,2400706,0.3007767097,13.33677243,86.36245086
2010-06,3032635,10170,392122,2630343,0.3353519299,12.93007566,86.73457241
2010-07,3450847,10886,467012,2972949,0.3154587845,13.5332572,86.15128402
2010-08,3642636,11225,491518,3139893,0.3081559618,13.49347011,86.19837392
2010-09,4039985,11281,536914,3491790,0.27923371,13.28999984,86.43076645
2010-10,4326290,12304,568580,3745406,0.2844007221,13.14243844,86.57316084
2010-11,4883640,13051,637829,4232760,0.2672391904,13.06052453,86.67223628
2010-12,5100024,11621,,5088403,0.2278616728,0,99.77213833
2011-01,5682027,15564,739444,4927019,0.273916333,13.01373612,86.71234755
2011-02,5470064,14295,699497,4756272,0.2613314945,12.78772972,86.95093878
2011-03,6449851,18048,840775,5591028,0.2798204176,13.03557245,86.68460713
2011-04,6447778,17737,839655,5590386,0.2750870145,13.02239314,86.70251984
2011-05,7522027,20976,980592,6520459,0.2788610038,13.03627333,86.68486566
2011-06,8343693,23662,1109208,7210823,0.2835914505,13.29396947,86.42243908
2011-07,8972600,25826,1173822,7772952,0.2878318436,13.08229499,86.62987317
2011-08,10521686,30223,1408634,9082829,0.2872448389,13.38791141,86.32484376
2011-09,10408922,29200,1372617,9007105,0.2805285696,13.18692752,86.53254391
2011-10,11494490,32521,1501605,9960364,0.2829268632,13.063694,86.65337914
2011-11,11656499,30544,1487659,10138296,0.2620340807,12.76248555,86.97548037
2011-12,12292150,36606,1593052,10662492,0.2977998153,12.95991344,86.74228674
2012-01,13953121,41720,,13911401,0.2990012055,0,99.70099879
2012-02,13665569,40210,,13625359,0.2942431449,0,99.70575686
2012-03,15264391,48571,,15215820,0.318198086,0,99.68180191
2012-04,16280490,51561,,16228929,0.316704227,0,99.68329577
2012-05,17459494,55768,,17403726,0.3194136096,0,99.68058639
2012-06,18709501,57425,,18652076,0.3069296183,0,99.69307038
2012-07,24087517,49622,,24037895,0.2060071198,0,99.79399288
2012-08,25703326,65591,,25637735,0.2551848737,0,99.74481513
2012-09,23419524,60533,,23358991,0.2584723754,0,99.74152762
2012-10,24788236,67757,,24720479,0.2733433714,0,99.72665663
2012-11,24648302,65651,,24582651,0.2663510046,0,99.733649
2012-12,26080276,70816,,26009460,0.2715308688,0,99.72846913
2014-01,36310487,76923,,36233564,0.2118478885,0,99.78815211
2014-02,33081170,73019,,33008151,0.220726776,0,99.77927322
2014-03,36438674,78253,,36360421,0.2147526005,0,99.7852474
2014-04,36445337,83332,,36362005,0.2286492782,0,99.77135072
2014-05,36499326,79883,,36419443,0.2188615757,0,99.78113842
2014-06,36047007,77362,,35969645,0.2146142119,0,99.78538579
2014-07,40277159,88705,,40188454,0.2202364869,0,99.77976351
2014-08,40455567,91390,,40364177,0.2259021608,0,99.77409784
2014-09,39069959,84508,,38985451,0.2162991776,0,99.78370082
2014-10,41410868,86046,,41324822,0.2077860334,0,99.79221397
2014-11,40290300,86815,,40203485,0.2154736996,0,99.7845263
2014-12,42766531,93694,,42672837,0.2190825344,0,99.78091747
2015-01,47661300,100068,,47561232,0.2099565056,0,99.79004349
2015-02,43376602,93781,,43282821,0.2162018131,0,99.78379819
2015-03,48522457,104581,,48417876,0.2155311303,0,99.78446887
2015-04,48671162,107544,,48563618,0.2209604118,0,99.77903959
2015-05,48554318,105740,,48448578,0.2177767176,0,99.78222328
2015-06,48027186,111541,,47915645,0.2322455453,0,99.76775445